{"cameraMode":{"drawMode":0,"name":"Shaded","section":"Shading Mode"},"sceneLighting":false,"audioPlay":false,"sceneViewState":{"showFog":true,"showMaterialUpdate":false,"showSkybox":false,"showFlares":true,"showImageEffects":true,"showParticleSystems":true},"in2DMode":false,"pivot":{"x":-236.3387908935547,"y":-10.275726318359375,"z":0.226572185754776},"rotation":{"x":-0.005779992789030075,"y":0.6372116208076477,"z":0.004779186565428972,"w":0.7706522941589356},"size":1.7032606601715088,"orthographic":false}